cpf,cep,nome,email,telefone,senha,cnh
CPF,CEP,Nome,Email,Telefone,Senha,CNH
CPF,CEP,Nome,Email,Telefone,Senha,CNH
CPF,CEP,Nome,Email,Telefone,Senha,CNH
CPF,CEP,Nome,Email,Telefone,Senha,CNH
CPF,CEP,Nome,Email,Telefone,Senha,CNH
CPF,CEP,Nome,Email,Telefone,Senha,CNH
CPF,CEP,Nome,Email,Telefone,Senha,CNH
CPF,CEP,Nome,Email,Telefone,Senha,CNH
CPF,CEP,Nome,Email,Telefone,Senha,CNH
CPF,CEP,Nome,Email,Telefone,Senha,CNH
CPF,CEP,Nome,Email,Telefone,Senha,CNH
CPF,CEP,Nome,Email,Telefone,Senha,CNH
CPF,CEP,Nome,Email,Telefone,Senha,CNH
CPF,CEP,Nome,Email,Telefone,Senha,CNH
CPF,CEP,Nome,Email,Telefone,Senha,CNH
CPF,CEP,Nome,Email,Telefone,Senha,CNH
CPF,CEP,Nome,Email,Telefone,Senha,CNH
CPF,CEP,Nomek,Email,Telefone,Senha,CNH
CPF,CEP,Nomek,Email,Telefone,Senha,CNH
CPF,CEP,Nomek,Email,Telefone,Senha,CNH
CPF,CEP,Nomek,Email,Telefone,Senha,CNH
CPF,CEP,Nomek,Email,Telefone,Senha,CNH
CEP,Senha,CPF,Nomek,Email,Telefone,CNH
CPF1,CEP,Nomek,Email,Telefone,Senha,CNH
CPF12,CEP,Nomek,Email,Telefone,Senha,CNH
CPF,CEP,Nomek,Email,Telefone,Senha,CNH
CPF,CEP,Nomek,Email,Telefone,Senha,CNH
CPF,CEP,Nomek,Email,Telefone,Senha,CNH
CPF,CEP,Nomek,Email,Telefone,Senha,CNH
CPF,CEP,Nomek,Email,Telefone,Senha,CNH
CE1P,CPF1,Nomek,Email,Telefone,Senha,CNH
Teste,Teste,Nomek,Email,Telefone,Senha,CNH
CPF,Teste,Nomek,Email,Telefone,Senha,CNH
CPF,Teste,Nomek,Email,Telefone,Senha,CNH
CPF,Teste,Nomek,Email,Telefone,Senha,CNH
